{
  "reconstruction_mse": 0.03892620652914047,
  "acf_difference": NaN,
  "correlation_difference": NaN,
  "fft_difference": 7.639658230257324,
  "histogram_distance": 0.1688836290029059,
  "mse_per_channel": [
    0.0525970458984375,
    0.00940769538283348,
    0.00021647827816195786,
    0.0001780618476914242,
    0.22539278864860535,
    0.012838139198720455,
    0.017030702903866768,
    0.016302211210131645,
    0.01631193421781063
  ],
  "num_samples": 2000,
  "latents_shape": [
    2000,
    9,
    16
  ]
}