{
  "synthetic_vs_real_mse": 1.7754236459732056,
  "acf_difference": 0.03259330114865477,
  "correlation_difference": 0.05616064521949802,
  "fft_difference": 26.681074612663306,
  "histogram_distance": 0.048027361394038424,
  "mse_per_channel": [
    2.4965617656707764,
    2.1803226470947266,
    1.2034512758255005,
    1.656585931777954,
    1.0540801286697388,
    1.4631750583648682,
    1.114152193069458,
    2.024585008621216,
    1.1001516580581665,
    2.0213840007781982,
    1.0074740648269653,
    2.270305871963501,
    1.234012484550476,
    1.6964255571365356,
    1.1569730043411255,
    2.0254454612731934,
    1.532500147819519,
    2.2305262088775635,
    1.004073977470398,
    2.22091007232666,
    1.2023354768753052,
    2.3988430500030518,
    1.5689760446548462,
    2.237419843673706,
    2.2840676307678223,
    1.352092981338501,
    2.616621494293213,
    2.6289830207824707,
    2.1348774433135986,
    2.138641595840454
  ],
  "num_samples": 2000
}