{
  "reconstruction_mse": 2.882195472717285,
  "acf_difference": 0.09377612312535821,
  "correlation_difference": 0.23057593995971964,
  "fft_difference": 277.1736443464873,
  "histogram_distance": 0.08480192191943438,
  "mse_per_channel": [
    1.274209976196289,
    1.2573297023773193,
    4.332944869995117,
    2.623932361602783,
    4.948278427124023,
    3.58864426612854,
    3.7815260887145996,
    2.3574681282043457,
    4.399430274963379,
    2.118368625640869,
    4.420315265655518,
    2.0182607173919678,
    3.9868946075439453,
    3.166086196899414,
    4.029422283172607,
    2.0661659240722656,
    3.3066623210906982,
    2.0209503173828125,
    4.03062629699707,
    2.107959747314453,
    4.300588607788086,
    2.06270694732666,
    3.7695298194885254,
    1.8233554363250732,
    1.4570287466049194,
    3.1299750804901123,
    2.0413706302642822,
    2.053605079650879,
    1.976704478263855,
    2.0096561908721924
  ],
  "num_samples": 2000
}