{
  "reconstruction_mse": 1.601697564125061,
  "acf_difference": 0.010222528702983137,
  "correlation_difference": 0.015265839429232307,
  "fft_difference": 5.010028048335107,
  "histogram_distance": 0.045578020565956015,
  "mse_per_channel": [
    1.7225879430770874,
    1.9370814561843872,
    1.1479310989379883,
    1.5305505990982056,
    0.9332981109619141,
    1.376580834388733,
    1.1186940670013428,
    1.845184326171875,
    1.0927457809448242,
    1.8364099264144897,
    0.9888259768486023,
    1.9680131673812866,
    1.1416301727294922,
    1.5630178451538086,
    1.0916619300842285,
    1.8989615440368652,
    1.5357694625854492,
    1.9540109634399414,
    1.019667625427246,
    1.8547335863113403,
    1.1722376346588135,
    2.145629644393921,
    1.4971671104431152,
    2.1281490325927734,
    2.2202727794647217,
    1.3731048107147217,
    1.985069751739502,
    1.999952793121338,
    2.014605760574341,
    1.951306700706482
  ],
  "num_samples": 2000
}