{
  "synthetic_vs_real_mse": 1.9449368715286255,
  "acf_difference": 0.046804347754206325,
  "correlation_difference": 0.05040758858879315,
  "fft_difference": 58.01431404103413,
  "histogram_distance": 0.06392741917217756,
  "mse_per_channel": [
    2.9131155014038086,
    2.9136204719543457,
    1.198839783668518,
    2.005101442337036,
    1.0529236793518066,
    1.705094814300537,
    1.1363078355789185,
    2.2923197746276855,
    1.093883991241455,
    2.2202491760253906,
    0.9856963157653809,
    2.8067519664764404,
    1.296694278717041,
    1.6809006929397583,
    1.1745226383209229,
    2.3788280487060547,
    1.522294044494629,
    2.5413105487823486,
    0.9194390177726746,
    2.2834651470184326,
    1.2980328798294067,
    2.278134822845459,
    1.7787668704986572,
    2.5442328453063965,
    3.1108551025390625,
    1.510852575302124,
    2.6763486862182617,
    2.6504807472229004,
    2.2027149200439453,
    2.169111490249634
  ],
  "num_samples": 2000
}