{
  "synthetic_vs_real_mse": 1.8510712385177612,
  "acf_difference": 0.06142118656606537,
  "correlation_difference": 0.07326132188911831,
  "fft_difference": 62.70588981108798,
  "histogram_distance": 0.043710023276071146,
  "mse_per_channel": [
    2.834599733352661,
    2.7819671630859375,
    1.196299433708191,
    1.6112779378890991,
    1.0251829624176025,
    1.5057042837142944,
    1.2572283744812012,
    1.8903173208236694,
    1.0946475267410278,
    1.704268455505371,
    1.224487066268921,
    2.8294014930725098,
    1.276200532913208,
    1.7270610332489014,
    1.1789264678955078,
    1.7110011577606201,
    1.5131685733795166,
    1.9512664079666138,
    0.9514478445053101,
    2.1393425464630127,
    1.2267149686813354,
    2.3901805877685547,
    1.7376365661621094,
    2.336420774459839,
    3.151315450668335,
    1.367077112197876,
    2.618255376815796,
    2.6426069736480713,
    2.206219434738159,
    2.4451897144317627
  ],
  "num_samples": 2000
}