{
  "reconstruction_mse": 0.3711147606372833,
  "acf_difference": 0.09152292841097612,
  "correlation_difference": 0.03990678703095482,
  "fft_difference": 56.43530508389572,
  "histogram_distance": 0.15921450753687316,
  "mse_per_channel": [
    0.01953507587313652,
    0.003968687262386084,
    0.44293829798698425,
    0.08598577976226807,
    0.007600776851177216,
    0.3301265835762024,
    1.0574311017990112,
    0.7801816463470459,
    1.015174388885498,
    0.9772811532020569,
    0.5892870426177979,
    0.6068578958511353,
    0.006986457388848066,
    0.006837442517280579,
    0.004015936516225338,
    0.0025075646117329597
  ],
  "num_samples": 2000,
  "latents_shape": [
    2000,
    16,
    16
  ]
}