{
  "reconstruction_mse": 2.693877696990967,
  "acf_difference": 0.04465097323720906,
  "correlation_difference": 0.19045520935185753,
  "fft_difference": 221.72144536023478,
  "histogram_distance": 0.08619675962167024,
  "mse_per_channel": [
    1.3817535638809204,
    1.388041615486145,
    3.8897459506988525,
    2.47267746925354,
    4.0991058349609375,
    2.899402141571045,
    3.8350205421447754,
    1.997775673866272,
    3.988806962966919,
    2.0128445625305176,
    4.14498233795166,
    1.9387178421020508,
    3.610111713409424,
    2.976851463317871,
    3.9889140129089355,
    2.017704725265503,
    3.1896157264709473,
    1.9590295553207397,
    4.261088848114014,
    2.0812058448791504,
    3.6346094608306885,
    1.689159631729126,
    2.8715875148773193,
    1.7439271211624146,
    1.6695476770401,
    3.2017672061920166,
    1.9657455682754517,
    1.9599722623825073,
    1.9135124683380127,
    2.025925636291504
  ],
  "num_samples": 2000
}