{
  "synthetic_vs_real_mse": 1.859539270401001,
  "acf_difference": 0.0634682439738039,
  "correlation_difference": 0.07694747807992772,
  "fft_difference": 61.21690852598047,
  "histogram_distance": 0.04395310822063356,
  "mse_per_channel": [
    2.8376753330230713,
    2.8244435787200928,
    1.1872153282165527,
    1.6474260091781616,
    1.02311372756958,
    1.50527024269104,
    1.2506591081619263,
    1.9614665508270264,
    1.0762313604354858,
    1.7575671672821045,
    1.2012382745742798,
    2.856464385986328,
    1.2308636903762817,
    1.7273962497711182,
    1.167849063873291,
    1.7886860370635986,
    1.5049108266830444,
    2.008631467819214,
    0.9493943452835083,
    2.194913387298584,
    1.1843894720077515,
    2.389516830444336,
    1.7396122217178345,
    2.3963773250579834,
    3.181575059890747,
    1.3110384941101074,
    2.6028685569763184,
    2.5960521697998047,
    2.22308087348938,
    2.453246831893921
  ],
  "num_samples": 2000
}