{
  "reconstruction_mse": 0.20128273963928223,
  "acf_difference": 0.04897085471701793,
  "correlation_difference": 0.04795357528432271,
  "fft_difference": 34.58453769243636,
  "histogram_distance": 0.15503050500688287,
  "mse_per_channel": [
    0.02820989117026329,
    0.048595983535051346,
    0.007702043745666742,
    0.06214714050292969,
    0.028637338429689407,
    0.0873996838927269,
    0.025401189923286438,
    0.005936823319643736,
    0.014225978404283524,
    2.5099921226501465,
    0.18328294157981873,
    0.0032683166209608316,
    0.003477161517366767,
    0.004442143253982067,
    0.005096849519759417
  ],
  "num_samples": 2000,
  "latents_shape": [
    2000,
    15,
    16
  ]
}