{
  "reconstruction_mse": 1.8406436443328857,
  "acf_difference": 0.08037013887315406,
  "correlation_difference": 0.16399061613332996,
  "fft_difference": 151.0413070187743,
  "histogram_distance": 0.07351838967991563,
  "mse_per_channel": [
    2.2748889923095703,
    1.9544010162353516,
    2.155069589614868,
    1.2454485893249512,
    1.1082814931869507,
    1.0428944826126099,
    1.7042518854141235,
    1.9866265058517456,
    1.8842358589172363,
    1.8012020587921143,
    1.5219097137451172,
    1.9362719058990479,
    1.463692545890808,
    1.6091598272323608,
    1.811728835105896,
    1.8521188497543335,
    2.495361089706421,
    1.8651220798492432,
    1.7306551933288574,
    2.0326223373413086,
    1.5404422283172607,
    2.1851208209991455,
    1.2934292554855347,
    1.9260480403900146,
    2.8035504817962646,
    1.9831358194351196,
    1.9908857345581055,
    1.9874674081802368,
    2.0146825313568115,
    2.012695074081421
  ],
  "num_samples": 2000
}