{
  "synthetic_vs_real_mse": 1.8722012042999268,
  "acf_difference": 0.050111620542293046,
  "correlation_difference": 0.05373880284499854,
  "fft_difference": 56.18988792290699,
  "histogram_distance": 0.03666080654854218,
  "mse_per_channel": [
    3.086162567138672,
    2.5251054763793945,
    1.2772128582000732,
    1.655488133430481,
    1.083247184753418,
    1.5070533752441406,
    1.2550116777420044,
    1.9159319400787354,
    1.2091708183288574,
    1.825308084487915,
    1.1172189712524414,
    2.875295877456665,
    1.3628227710723877,
    1.7084881067276,
    1.2001534700393677,
    1.9324177503585815,
    1.5659037828445435,
    2.0609450340270996,
    1.0567585229873657,
    2.0672788619995117,
    1.3400081396102905,
    2.012232542037964,
    1.7856614589691162,
    2.449052095413208,
    3.068605422973633,
    1.5980764627456665,
    2.5658302307128906,
    2.5816385746002197,
    2.17101788520813,
    2.2999391555786133
  ],
  "num_samples": 2000
}